{
    "metadata": {
        "scenario_id": 4,
        "p_sep": 10.001,
        "q_inj_max_plat": 492969.70060752745,
        "instance_id": 4,
        "q_liq_max_plat": 4421.3981362830145
    },
    "satellite_wells": [
        {
            "p_res": 244.42613452093315,
            "q_max": 200000,
            "q_min": 100000,
            "name": "SAT_4_1",
            "wct": 0.500128974327766,
            "vlp_type": "UEP",
            "IP": 52.78204022697943,
            "gor": 196.4369214984192
        },
        {
            "p_res": 195.50120485134653,
            "q_max": 200000,
            "q_min": 100000,
            "name": "SAT_4_2",
            "wct": 0.5526913410648779,
            "vlp_type": "UEP",
            "IP": 69.28216348484807,
            "gor": 103.34843185014113
        }
    ],
    "manifolds": [
        {
            "choke_enabled": false,
            "wells": [
                {
                    "p_res": 245.56884936887496,
                    "q_max": 200000,
                    "q_min": 100000,
                    "name": "MAN_4_1_1",
                    "wct": 0.39931294773656545,
                    "vlp_type": "Subsea",
                    "IP": 30.333175157640987,
                    "gor": 142.97674964893952
                },
                {
                    "p_res": 186.58538225878635,
                    "q_max": 200000,
                    "q_min": 100000,
                    "name": "MAN_4_1_2",
                    "wct": 0.5255192981868722,
                    "vlp_type": "Subsea",
                    "IP": 90.21071742641823,
                    "gor": 65.87622625544742
                }
            ]
        }
    ]
}