{
    "metadata": {
        "scenario_id": 4,
        "p_sep": 10.001,
        "q_inj_max_plat": 416520.09803374973,
        "instance_id": 8,
        "q_liq_max_plat": 4292.888101861726
    },
    "satellite_wells": [
        {
            "p_res": 225.74872997960392,
            "q_max": 200000,
            "q_min": 100000,
            "name": "SAT_8_1",
            "wct": 0.5673446478741105,
            "vlp_type": "UEP",
            "IP": 134.60749723008638,
            "gor": 171.813913955974
        },
        {
            "p_res": 183.9033183526607,
            "q_max": 200000,
            "q_min": 100000,
            "name": "SAT_8_2",
            "wct": 0.7107421424762564,
            "vlp_type": "UEP",
            "IP": 135.70227110703036,
            "gor": 155.57449793709105
        }
    ],
    "manifolds": [
        {
            "choke_enabled": false,
            "wells": [
                {
                    "p_res": 185.23418930768605,
                    "q_max": 200000,
                    "q_min": 100000,
                    "name": "MAN_8_1_1",
                    "wct": 0.32798154552399716,
                    "vlp_type": "Subsea",
                    "IP": 106.65577638359208,
                    "gor": 127.03289115833634
                },
                {
                    "p_res": 208.00065070948472,
                    "q_max": 200000,
                    "q_min": 100000,
                    "name": "MAN_8_1_2",
                    "wct": 0.44129368159661586,
                    "vlp_type": "Subsea",
                    "IP": 135.94912181705445,
                    "gor": 107.9186909043826
                }
            ]
        }
    ]
}