{
    "metadata": {
        "scenario_id": 4,
        "p_sep": 10.001,
        "q_inj_max_plat": 549838.8119914869,
        "instance_id": 2,
        "q_liq_max_plat": 4793.330582875368
    },
    "satellite_wells": [
        {
            "p_res": 230.86308233351588,
            "q_max": 200000,
            "q_min": 100000,
            "name": "SAT_2_1",
            "wct": 0.4931065566376368,
            "vlp_type": "UEP",
            "IP": 60.45741434500033,
            "gor": 62.06306047842574
        },
        {
            "p_res": 191.23127613692105,
            "q_max": 200000,
            "q_min": 100000,
            "name": "SAT_2_2",
            "wct": 0.287283642609819,
            "vlp_type": "UEP",
            "IP": 103.18498388000424,
            "gor": 142.15305610461797
        }
    ],
    "manifolds": [
        {
            "choke_enabled": false,
            "wells": [
                {
                    "p_res": 232.9984853571909,
                    "q_max": 200000,
                    "q_min": 100000,
                    "name": "MAN_2_1_1",
                    "wct": 0.7095326101425334,
                    "vlp_type": "Subsea",
                    "IP": 73.90247322044999,
                    "gor": 149.2828976925507
                },
                {
                    "p_res": 231.68911367504856,
                    "q_max": 200000,
                    "q_min": 100000,
                    "name": "MAN_2_1_2",
                    "wct": 0.8571625809851068,
                    "vlp_type": "Subsea",
                    "IP": 111.31798891194934,
                    "gor": 65.30897671423315
                }
            ]
        }
    ]
}