{
    "metadata": {
        "scenario_id": 4,
        "p_sep": 10.001,
        "q_inj_max_plat": 480181.9891385949,
        "instance_id": 6,
        "q_liq_max_plat": 4257.895043827226
    },
    "satellite_wells": [
        {
            "p_res": 189.79001181965245,
            "q_max": 200000,
            "q_min": 100000,
            "name": "SAT_6_1",
            "wct": 0.7437760575903257,
            "vlp_type": "UEP",
            "IP": 89.76737687525593,
            "gor": 93.75043458648655
        },
        {
            "p_res": 224.24226706920143,
            "q_max": 200000,
            "q_min": 100000,
            "name": "SAT_6_2",
            "wct": 0.49114694689397875,
            "vlp_type": "UEP",
            "IP": 141.9339292180713,
            "gor": 130.82859176891628
        }
    ],
    "manifolds": [
        {
            "choke_enabled": false,
            "wells": [
                {
                    "p_res": 183.32080403982982,
                    "q_max": 200000,
                    "q_min": 100000,
                    "name": "MAN_6_1_1",
                    "wct": 0.4297801040382939,
                    "vlp_type": "Subsea",
                    "IP": 120.64122428228845,
                    "gor": 115.95887744690427
                },
                {
                    "p_res": 232.6234064301081,
                    "q_max": 200000,
                    "q_min": 100000,
                    "name": "MAN_6_1_2",
                    "wct": 0.6673264622700658,
                    "vlp_type": "Subsea",
                    "IP": 52.401787019454474,
                    "gor": 75.70525976643415
                }
            ]
        }
    ]
}