{
    "metadata": {
        "scenario_id": 4,
        "p_sep": 10.001,
        "q_inj_max_plat": 538658.4634017361,
        "instance_id": 7,
        "q_liq_max_plat": 4320.026360934053
    },
    "satellite_wells": [
        {
            "p_res": 219.19688773007934,
            "q_max": 200000,
            "q_min": 100000,
            "name": "SAT_7_1",
            "wct": 0.2623674932140615,
            "vlp_type": "UEP",
            "IP": 44.01507174532212,
            "gor": 77.36857816541857
        },
        {
            "p_res": 207.96697342644578,
            "q_max": 200000,
            "q_min": 100000,
            "name": "SAT_7_2",
            "wct": 0.8111149681279999,
            "vlp_type": "UEP",
            "IP": 47.7365333906739,
            "gor": 55.998446840199236
        }
    ],
    "manifolds": [
        {
            "choke_enabled": false,
            "wells": [
                {
                    "p_res": 235.02877963796814,
                    "q_max": 200000,
                    "q_min": 100000,
                    "name": "MAN_7_1_1",
                    "wct": 0.3403146970247476,
                    "vlp_type": "Subsea",
                    "IP": 119.35665023679684,
                    "gor": 88.29494684602679
                },
                {
                    "p_res": 192.4901588588718,
                    "q_max": 200000,
                    "q_min": 100000,
                    "name": "MAN_7_1_2",
                    "wct": 0.6485747887691324,
                    "vlp_type": "Subsea",
                    "IP": 149.67189521743168,
                    "gor": 88.40659602752098
                }
            ]
        }
    ]
}