{
    "metadata": {
        "scenario_id": 4,
        "p_sep": 10.001,
        "q_inj_max_plat": 509810.22726311337,
        "instance_id": 1,
        "q_liq_max_plat": 3451.9534577271897
    },
    "satellite_wells": [
        {
            "p_res": 211.7800479959291,
            "q_max": 200000,
            "q_min": 100000,
            "name": "SAT_1_1",
            "wct": 0.8153963425607906,
            "vlp_type": "UEP",
            "IP": 77.3106440899021,
            "gor": 78.88093149691875
        },
        {
            "p_res": 224.48248802013785,
            "q_max": 200000,
            "q_min": 100000,
            "name": "SAT_1_2",
            "wct": 0.7364375580277756,
            "vlp_type": "UEP",
            "IP": 119.80980262649689,
            "gor": 192.73431722915052
        }
    ],
    "manifolds": [
        {
            "choke_enabled": false,
            "wells": [
                {
                    "p_res": 180.67032055195784,
                    "q_max": 200000,
                    "q_min": 100000,
                    "name": "MAN_1_1_1",
                    "wct": 0.6823480009812845,
                    "vlp_type": "Subsea",
                    "IP": 53.92519369189866,
                    "gor": 134.62595171701662
                },
                {
                    "p_res": 266.1066858604417,
                    "q_max": 200000,
                    "q_min": 100000,
                    "name": "MAN_1_1_2",
                    "wct": 0.6460261298099075,
                    "vlp_type": "Subsea",
                    "IP": 107.7426378926227,
                    "gor": 113.0826844452566
                }
            ]
        }
    ]
}