{
    "metadata": {
        "scenario_id": 4,
        "p_sep": 10.001,
        "q_inj_max_plat": 414543.2284184432,
        "instance_id": 3,
        "q_liq_max_plat": 3943.172755045906
    },
    "satellite_wells": [
        {
            "p_res": 256.0963141908612,
            "q_max": 200000,
            "q_min": 100000,
            "name": "SAT_3_1",
            "wct": 0.17617401838265678,
            "vlp_type": "UEP",
            "IP": 71.87942926662728,
            "gor": 153.67295450468168
        },
        {
            "p_res": 228.56680973595775,
            "q_max": 200000,
            "q_min": 100000,
            "name": "SAT_3_2",
            "wct": 0.3152477819273184,
            "vlp_type": "UEP",
            "IP": 65.2685834080851,
            "gor": 164.0877968511951
        }
    ],
    "manifolds": [
        {
            "choke_enabled": false,
            "wells": [
                {
                    "p_res": 256.7917625037503,
                    "q_max": 200000,
                    "q_min": 100000,
                    "name": "MAN_3_1_1",
                    "wct": 0.882455775741131,
                    "vlp_type": "Subsea",
                    "IP": 114.7278229836808,
                    "gor": 82.54018316350582
                },
                {
                    "p_res": 226.86672643804377,
                    "q_max": 200000,
                    "q_min": 100000,
                    "name": "MAN_3_1_2",
                    "wct": 0.8076616306284841,
                    "vlp_type": "Subsea",
                    "IP": 143.01972217828626,
                    "gor": 113.53147819507329
                }
            ]
        }
    ]
}