{
    "metadata": {
        "scenario_id": 9,
        "p_sep": 10.001,
        "q_inj_max_plat": 309313.76540286833,
        "instance_id": 4,
        "q_liq_max_plat": 2616.9401003154153
    },
    "satellite_wells": [
        {
            "p_res": 187.5314375288238,
            "q_max": 200000,
            "q_min": 100000,
            "name": "SAT_4_1",
            "wct": 0.2002233738040607,
            "vlp_type": "UEP",
            "IP": 124.88682047467067,
            "gor": 156.48085213219338
        },
        {
            "p_res": 260.2484373879331,
            "q_max": 200000,
            "q_min": 100000,
            "name": "SAT_4_2",
            "wct": 0.7655679585251378,
            "vlp_type": "UEP",
            "IP": 41.9630259877846,
            "gor": 121.0946534986632
        },
        {
            "p_res": 262.14788318510034,
            "q_max": 200000,
            "q_min": 100000,
            "name": "SAT_4_3",
            "wct": 0.8321076752187259,
            "vlp_type": "UEP",
            "IP": 92.82814466165576,
            "gor": 79.07328355398991
        }
    ],
    "manifolds": [
    ]
}