{
    "metadata": {
        "scenario_id": 3,
        "p_sep": 10.001,
        "q_inj_max_plat": 387627.12147639575,
        "instance_id": 1,
        "q_liq_max_plat": 3327.2314253803934
    },
    "satellite_wells": [
        {
            "p_res": 244.20454718927868,
            "q_max": 200000,
            "q_min": 100000,
            "name": "SAT_1_1",
            "wct": 0.7973833148672426,
            "vlp_type": "UEP",
            "IP": 121.61132137143846,
            "gor": 123.78947940931786
        },
        {
            "p_res": 227.6320013177437,
            "q_max": 200000,
            "q_min": 100000,
            "name": "SAT_1_2",
            "wct": 0.8046818073802025,
            "vlp_type": "UEP",
            "IP": 64.19723182859957,
            "gor": 51.7223816073601
        },
        {
            "p_res": 216.5334334283512,
            "q_max": 200000,
            "q_min": 100000,
            "name": "SAT_1_3",
            "wct": 0.6110385092239472,
            "vlp_type": "UEP",
            "IP": 81.19405223949238,
            "gor": 54.01443714101485
        }
    ],
    "manifolds": []
}