{
    "metadata": {
        "scenario_id": 3,
        "p_sep": 10.001,
        "q_inj_max_plat": 409999.6559092256,
        "instance_id": 5,
        "q_liq_max_plat": 2800.872714394861
    },
    "satellite_wells": [
        {
            "p_res": 248.4803674760132,
            "q_max": 200000,
            "q_min": 100000,
            "name": "SAT_5_1",
            "wct": 0.659272352550911,
            "vlp_type": "UEP",
            "IP": 127.56579007791575,
            "gor": 70.53604223138412
        },
        {
            "p_res": 238.39297332635147,
            "q_max": 200000,
            "q_min": 100000,
            "name": "SAT_5_2",
            "wct": 0.514103024495756,
            "vlp_type": "UEP",
            "IP": 84.53979509485072,
            "gor": 192.96789085798568
        },
        {
            "p_res": 226.52575682588196,
            "q_max": 200000,
            "q_min": 100000,
            "name": "SAT_5_3",
            "wct": 0.640081838378435,
            "vlp_type": "UEP",
            "IP": 91.11106586529246,
            "gor": 189.19014486506623
        }
    ],
    "manifolds": []
}