{
    "metadata": {
        "scenario_id": 3,
        "p_sep": 10.001,
        "q_inj_max_plat": 355055.4093575997,
        "instance_id": 3,
        "q_liq_max_plat": 3407.5063770280444
    },
    "satellite_wells": [
        {
            "p_res": 242.6684873487136,
            "q_max": 200000,
            "q_min": 100000,
            "name": "SAT_3_1",
            "wct": 0.808362068402331,
            "vlp_type": "UEP",
            "IP": 49.05988547562365,
            "gor": 129.4060202182141
        },
        {
            "p_res": 229.3520959853521,
            "q_max": 200000,
            "q_min": 100000,
            "name": "SAT_3_2",
            "wct": 0.5050996892925312,
            "vlp_type": "UEP",
            "IP": 105.45149066839708,
            "gor": 159.2295172409889
        },
        {
            "p_res": 202.63728136827194,
            "q_max": 200000,
            "q_min": 100000,
            "name": "SAT_3_3",
            "wct": 0.7575704593083146,
            "vlp_type": "UEP",
            "IP": 59.01251568544211,
            "gor": 115.31531881255218
        }
    ],
    "manifolds": []
}