{
    "metadata": {
        "scenario_id": 9,
        "p_sep": 10.001,
        "q_inj_max_plat": 330297.48798439436,
        "instance_id": 8,
        "q_liq_max_plat": 2840.50930277503
    },
    "satellite_wells": [
        {
            "p_res": 197.51713346854123,
            "q_max": 200000,
            "q_min": 100000,
            "name": "SAT_8_1",
            "wct": 0.5388719919315691,
            "vlp_type": "UEP",
            "IP": 97.92346021706963,
            "gor": 148.88432171014392
        },
        {
            "p_res": 259.4137097977683,
            "q_max": 200000,
            "q_min": 100000,
            "name": "SAT_8_2",
            "wct": 0.8866395190860596,
            "vlp_type": "UEP",
            "IP": 57.84986371132726,
            "gor": 121.86952863866428
        },
        {
            "p_res": 207.0162005958913,
            "q_max": 200000,
            "q_min": 100000,
            "name": "SAT_8_3",
            "wct": 0.7152252633913644,
            "vlp_type": "UEP",
            "IP": 72.43742032509664,
            "gor": 81.97713265429493
        }
    ],
    "manifolds": [
    ]
}