{
    "metadata": {
        "scenario_id": 9,
        "p_sep": 10.001,
        "q_inj_max_plat": 433335.21315257787,
        "instance_id": 6,
        "q_liq_max_plat": 2210.505720477085
    },
    "satellite_wells": [
        {
            "p_res": 196.52963433535234,
            "q_max": 200000,
            "q_min": 100000,
            "name": "SAT_6_1",
            "wct": 0.7268946238938615,
            "vlp_type": "UEP",
            "IP": 95.34913410137513,
            "gor": 114.29587408191419
        },
        {
            "p_res": 237.30323520501634,
            "q_max": 200000,
            "q_min": 100000,
            "name": "SAT_6_2",
            "wct": 0.21186714661409178,
            "vlp_type": "UEP",
            "IP": 30.50032362195731,
            "gor": 96.33961550383205
        },
        {
            "p_res": 230.43818753902374,
            "q_max": 200000,
            "q_min": 100000,
            "name": "SAT_6_3",
            "wct": 0.6010284144659049,
            "vlp_type": "UEP",
            "IP": 101.18183572787942,
            "gor": 137.3866398611194
        }
    ],
    "manifolds": [
    ]
}