{
    "metadata": {
        "scenario_id": 9,
        "p_sep": 10.001,
        "q_inj_max_plat": 344239.28137693816,
        "instance_id": 7,
        "q_liq_max_plat": 3050.2025267974227
    },
    "satellite_wells": [
        {
            "p_res": 262.96336582649053,
            "q_max": 200000,
            "q_min": 100000,
            "name": "SAT_7_1",
            "wct": 0.6480302421242751,
            "vlp_type": "UEP",
            "IP": 107.69173682535954,
            "gor": 86.02074642083463
        },
        {
            "p_res": 208.4433067457885,
            "q_max": 200000,
            "q_min": 100000,
            "name": "SAT_7_2",
            "wct": 0.17813592708767365,
            "vlp_type": "UEP",
            "IP": 33.03633724306254,
            "gor": 158.15188877945906
        },
        {
            "p_res": 257.33476860722135,
            "q_max": 200000,
            "q_min": 100000,
            "name": "SAT_7_3",
            "wct": 0.6757018046167785,
            "vlp_type": "UEP",
            "IP": 90.98718511114771,
            "gor": 88.32735676921372
        }
    ],
    "manifolds": [
    ]
}