{
    "metadata": {
        "scenario_id": 9,
        "p_sep": 10.001,
        "q_inj_max_plat": 432436.402271318,
        "instance_id": 2,
        "q_liq_max_plat": 2566.677511824745
    },
    "satellite_wells": [
        {
            "p_res": 186.05333258005385,
            "q_max": 200000,
            "q_min": 100000,
            "name": "SAT_2_1",
            "wct": 0.8216638612892186,
            "vlp_type": "UEP",
            "IP": 105.28572242181853,
            "gor": 173.8986277612058
        },
        {
            "p_res": 238.2413569136125,
            "q_max": 200000,
            "q_min": 100000,
            "name": "SAT_2_2",
            "wct": 0.4832899837372263,
            "vlp_type": "UEP",
            "IP": 51.96300087891254,
            "gor": 191.19752851610525
        },
        {
            "p_res": 248.09446549797585,
            "q_max": 200000,
            "q_min": 100000,
            "name": "SAT_2_3",
            "wct": 0.4584451317617617,
            "vlp_type": "UEP",
            "IP": 133.2937145784518,
            "gor": 92.43983156784036
        }
    ],
    "manifolds": [
    ]
}