first,second
relative_gap,0.004711650671866252
lower_bound,3398.6374314851037
runtime,3602.0098180770874
constraint_value,4250.0
objective_value,3382.699333895832
constraint_name,q_liq_max
