{
    "metadata": {
        "scenario_id": 2,
        "p_sep": 10.001,
        "q_inj_max_plat": 703262.0626623244,
        "instance_id": 3,
        "q_liq_max_plat": 5402.232429889256
    },
    "satellite_wells": [
        {
            "p_res": 238.39297332635147,
            "q_max": 200000,
            "q_min": 100000,
            "name": "SAT_3_1",
            "wct": 0.514103024495756,
            "vlp_type": "UEP",
            "IP": 84.53979509485072,
            "gor": 192.96789085798568
        },
        {
            "p_res": 226.52575682588196,
            "q_max": 200000,
            "q_min": 100000,
            "name": "SAT_3_2",
            "wct": 0.640081838378435,
            "vlp_type": "UEP",
            "IP": 91.11106586529246,
            "gor": 189.19014486506623
        }
    ],
    "manifolds": [
        {
            "choke_enabled": false,
            "wells": [
                {
                    "p_res": 220.23631398304695,
                    "q_max": 200000,
                    "q_min": 100000,
                    "name": "MAN_3_1_1",
                    "wct": 0.8111211368137489,
                    "vlp_type": "Subsea",
                    "IP": 124.03419358407922,
                    "gor": 56.41892444929877
                },
                {
                    "p_res": 209.81009932480572,
                    "q_max": 200000,
                    "q_min": 100000,
                    "name": "MAN_3_1_2",
                    "wct": 0.5356608940091675,
                    "vlp_type": "Subsea",
                    "IP": 46.78007199211377,
                    "gor": 73.46770357755128
                },
                {
                    "p_res": 233.64385540323062,
                    "q_max": 200000,
                    "q_min": 100000,
                    "name": "MAN_3_1_3",
                    "wct": 0.10333549081304874,
                    "vlp_type": "Subsea",
                    "IP": 105.15426216988574,
                    "gor": 143.6889050753059
                }
            ]
        }
    ]
}