{
    "metadata": {
        "scenario_id": 5,
        "p_sep": 10.001,
        "q_inj_max_plat": 705490.7685338483,
        "instance_id": 2,
        "q_liq_max_plat": 4634.118045363744
    },
    "satellite_wells": [
        {
            "p_res": 211.01640601892493,
            "q_max": 200000,
            "q_min": 100000,
            "name": "SAT_2_1",
            "wct": 0.29341677123628074,
            "vlp_type": "UEP",
            "IP": 37.451012322294666,
            "gor": 83.98642902313503
        },
        {
            "p_res": 187.5314375288238,
            "q_max": 200000,
            "q_min": 100000,
            "name": "SAT_2_2",
            "wct": 0.2002233738040607,
            "vlp_type": "UEP",
            "IP": 124.88682047467067,
            "gor": 156.48085213219338
        }
    ],
    "manifolds": [
        {
            "choke_enabled": false,
            "wells": [
                {
                    "p_res": 260.2484373879331,
                    "q_max": 200000,
                    "q_min": 100000,
                    "name": "MAN_2_1_1",
                    "wct": 0.7655679585251378,
                    "vlp_type": "Subsea",
                    "IP": 41.9630259877846,
                    "gor": 121.0946534986632
                },
                {
                    "p_res": 262.14788318510034,
                    "q_max": 200000,
                    "q_min": 100000,
                    "name": "MAN_2_1_2",
                    "wct": 0.8321076752187259,
                    "vlp_type": "Subsea",
                    "IP": 92.82814466165576,
                    "gor": 79.07328355398991
                },
                {
                    "p_res": 194.82737936015852,
                    "q_max": 200000,
                    "q_min": 100000,
                    "name": "MAN_2_1_3",
                    "wct": 0.6866648315158694,
                    "vlp_type": "Subsea",
                    "IP": 113.89085288263665,
                    "gor": 117.42351382080233
                }
            ]
        }
    ]
}