{
    "metadata": {
        "scenario_id": 2,
        "p_sep": 10.001,
        "q_inj_max_plat": 745824.8497143936,
        "instance_id": 5,
        "q_liq_max_plat": 4739.83110707523
    },
    "satellite_wells": [
        {
            "p_res": 201.47059315410672,
            "q_max": 200000,
            "q_min": 100000,
            "name": "SAT_5_1",
            "wct": 0.2856657580755151,
            "vlp_type": "UEP",
            "IP": 122.28378950870464,
            "gor": 181.76805576282322
        },
        {
            "p_res": 240.71067776818228,
            "q_max": 200000,
            "q_min": 100000,
            "name": "SAT_5_2",
            "wct": 0.3829161355006443,
            "vlp_type": "UEP",
            "IP": 88.13997727076512,
            "gor": 91.52790102625724
        }
    ],
    "manifolds": [
        {
            "choke_enabled": false,
            "wells": [
                {
                    "p_res": 189.19173723758888,
                    "q_max": 200000,
                    "q_min": 100000,
                    "name": "MAN_5_1_1",
                    "wct": 0.803261270855287,
                    "vlp_type": "Subsea",
                    "IP": 51.228370454581764,
                    "gor": 48.707251630797934
                },
                {
                    "p_res": 257.2690894741022,
                    "q_max": 200000,
                    "q_min": 100000,
                    "name": "MAN_5_1_2",
                    "wct": 0.5102028854835876,
                    "vlp_type": "Subsea",
                    "IP": 76.67745920749792,
                    "gor": 173.35193053302618
                },
                {
                    "p_res": 247.2798114354311,
                    "q_max": 200000,
                    "q_min": 100000,
                    "name": "MAN_5_1_3",
                    "wct": 0.2509226597661501,
                    "vlp_type": "Subsea",
                    "IP": 90.66719419907135,
                    "gor": 168.00165359552358
                }
            ]
        }
    ]
}