{
    "metadata": {
        "scenario_id": 5,
        "p_sep": 10.001,
        "q_inj_max_plat": 521134.0035388571,
        "instance_id": 8,
        "q_liq_max_plat": 3811.3079622684836
    },
    "satellite_wells": [
        {
            "p_res": 252.68973718928098,
            "q_max": 200000,
            "q_min": 100000,
            "name": "SAT_8_1",
            "wct": 0.39958821579340553,
            "vlp_type": "UEP",
            "IP": 147.58654515644875,
            "gor": 46.61259999047194
        },
        {
            "p_res": 215.84680488682937,
            "q_max": 200000,
            "q_min": 100000,
            "name": "SAT_8_2",
            "wct": 0.7989473295006596,
            "vlp_type": "UEP",
            "IP": 50.863563758451704,
            "gor": 191.45085589339516
        }
    ],
    "manifolds": [
        {
            "choke_enabled": false,
            "wells": [
                {
                    "p_res": 266.518703371338,
                    "q_max": 200000,
                    "q_min": 100000,
                    "name": "MAN_8_1_1",
                    "wct": 0.28582586016187445,
                    "vlp_type": "Subsea",
                    "IP": 111.5700486706923,
                    "gor": 180.0744878620976
                },
                {
                    "p_res": 215.60535042856384,
                    "q_max": 200000,
                    "q_min": 100000,
                    "name": "MAN_8_1_2",
                    "wct": 0.34699345363731693,
                    "vlp_type": "Subsea",
                    "IP": 95.91348633667238,
                    "gor": 175.95896936256247
                },
                {
                    "p_res": 207.21444772020365,
                    "q_max": 200000,
                    "q_min": 100000,
                    "name": "MAN_8_1_3",
                    "wct": 0.2441968848241306,
                    "vlp_type": "Subsea",
                    "IP": 83.09647562018563,
                    "gor": 188.30183262240195
                }
            ]
        }
    ]
}