{
    "metadata": {
        "scenario_id": 5,
        "p_sep": 10.001,
        "q_inj_max_plat": 704677.5140683316,
        "instance_id": 7,
        "q_liq_max_plat": 4699.324173268258
    },
    "satellite_wells": [
        {
            "p_res": 258.31361226474854,
            "q_max": 200000,
            "q_min": 100000,
            "name": "SAT_7_1",
            "wct": 0.2667505867940858,
            "vlp_type": "UEP",
            "IP": 59.35765809169984,
            "gor": 110.5031654784091
        },
        {
            "p_res": 248.0030238412612,
            "q_max": 200000,
            "q_min": 100000,
            "name": "SAT_7_2",
            "wct": 0.5606869670836055,
            "vlp_type": "UEP",
            "IP": 46.62963914231706,
            "gor": 67.99246899164604
        }
    ],
    "manifolds": [
        {
            "choke_enabled": false,
            "wells": [
                {
                    "p_res": 196.40652280653774,
                    "q_max": 200000,
                    "q_min": 100000,
                    "name": "MAN_7_1_1",
                    "wct": 0.8284941498192914,
                    "vlp_type": "Subsea",
                    "IP": 36.68860829801654,
                    "gor": 134.88856585579526
                },
                {
                    "p_res": 258.7175470851727,
                    "q_max": 200000,
                    "q_min": 100000,
                    "name": "MAN_7_1_2",
                    "wct": 0.8866469811789827,
                    "vlp_type": "Subsea",
                    "IP": 98.28890839113627,
                    "gor": 53.13739658498036
                },
                {
                    "p_res": 230.31085913420327,
                    "q_max": 200000,
                    "q_min": 100000,
                    "name": "MAN_7_1_3",
                    "wct": 0.2643219168304153,
                    "vlp_type": "Subsea",
                    "IP": 116.71934663085824,
                    "gor": 125.71809580704038
                }
            ]
        }
    ]
}