{
    "metadata": {
        "scenario_id": 5,
        "p_sep": 10.001,
        "q_inj_max_plat": 648295.4910997488,
        "instance_id": 4,
        "q_liq_max_plat": 4901.060764972882
    },
    "satellite_wells": [
        {
            "p_res": 203.81849792177493,
            "q_max": 200000,
            "q_min": 100000,
            "name": "SAT_4_1",
            "wct": 0.3359428340103368,
            "vlp_type": "UEP",
            "IP": 112.20453631864126,
            "gor": 143.1875944357337
        },
        {
            "p_res": 245.70109671065364,
            "q_max": 200000,
            "q_min": 100000,
            "name": "SAT_4_2",
            "wct": 0.6179449121690637,
            "vlp_type": "UEP",
            "IP": 41.720389063151046,
            "gor": 187.88135225673363
        }
    ],
    "manifolds": [
        {
            "choke_enabled": false,
            "wells": [
                {
                    "p_res": 205.15782005954344,
                    "q_max": 200000,
                    "q_min": 100000,
                    "name": "MAN_4_1_1",
                    "wct": 0.12024224828708362,
                    "vlp_type": "Subsea",
                    "IP": 116.35527069251678,
                    "gor": 93.98569495108022
                },
                {
                    "p_res": 224.4305581665018,
                    "q_max": 200000,
                    "q_min": 100000,
                    "name": "MAN_4_1_2",
                    "wct": 0.5065812340743181,
                    "vlp_type": "Subsea",
                    "IP": 54.237990387515495,
                    "gor": 178.18765704577015
                },
                {
                    "p_res": 197.51713346854123,
                    "q_max": 200000,
                    "q_min": 100000,
                    "name": "MAN_4_1_3",
                    "wct": 0.5388719919315691,
                    "vlp_type": "Subsea",
                    "IP": 97.92346021706963,
                    "gor": 148.88432171014392
                }
            ]
        }
    ]
}