{
    "metadata": {
        "scenario_id": 5,
        "p_sep": 10.001,
        "q_inj_max_plat": 547851.2552298831,
        "instance_id": 6,
        "q_liq_max_plat": 5640.75733000156
    },
    "satellite_wells": [
        {
            "p_res": 204.19745232579473,
            "q_max": 200000,
            "q_min": 100000,
            "name": "SAT_6_1",
            "wct": 0.1218781744696548,
            "vlp_type": "UEP",
            "IP": 44.9522417230901,
            "gor": 127.09848788926588
        },
        {
            "p_res": 222.03760291343733,
            "q_max": 200000,
            "q_min": 100000,
            "name": "SAT_6_2",
            "wct": 0.4954179718953923,
            "vlp_type": "UEP",
            "IP": 54.92158667296361,
            "gor": 160.7503285238539
        }
    ],
    "manifolds": [
        {
            "choke_enabled": false,
            "wells": [
                {
                    "p_res": 221.97478555934515,
                    "q_max": 200000,
                    "q_min": 100000,
                    "name": "MAN_6_1_1",
                    "wct": 0.8773138923653797,
                    "vlp_type": "Subsea",
                    "IP": 32.00873977456737,
                    "gor": 65.03822907739257
                },
                {
                    "p_res": 183.37355137955367,
                    "q_max": 200000,
                    "q_min": 100000,
                    "name": "MAN_6_1_2",
                    "wct": 0.27472427679589384,
                    "vlp_type": "Subsea",
                    "IP": 52.200489731552054,
                    "gor": 155.0331425577905
                },
                {
                    "p_res": 194.83383332851713,
                    "q_max": 200000,
                    "q_min": 100000,
                    "name": "MAN_6_1_3",
                    "wct": 0.34776129510963916,
                    "vlp_type": "Subsea",
                    "IP": 139.15804930232753,
                    "gor": 171.04927160346097
                }
            ]
        }
    ]
}