{
    "metadata": {
        "scenario_id": 2,
        "p_sep": 10.001,
        "q_inj_max_plat": 137459.70299787173,
        "instance_id": 4,
        "q_liq_max_plat": 1198.332645718842
    },
    "satellite_wells": [
        {
            "p_res": 230.86308233351588,
            "q_max": 200000,
            "q_min": 100000,
            "name": "SAT_4_1",
            "wct": 0.4931065566376368,
            "vlp_type": "UEP",
            "IP": 60.45741434500033,
            "gor": 62.06306047842574
        }
    ],
    "manifolds": []
}