{
    "metadata": {
        "scenario_id": 7,
        "p_sep": 10.001,
        "q_inj_max_plat": 118292.6971751875,
        "instance_id": 6,
        "q_liq_max_plat": 994.4360297621716
    },
    "satellite_wells": [
        {
            "p_res": 231.68911367504856,
            "q_max": 200000,
            "q_min": 100000,
            "name": "SAT_6_1",
            "wct": 0.8571625809851068,
            "vlp_type": "UEP",
            "IP": 111.31798891194934,
            "gor": 65.30897671423315
        }
    ],
    "manifolds": [
    ]
}