{
    "metadata": {
        "scenario_id": 2,
        "p_sep": 10.001,
        "q_inj_max_plat": 103635.8071046108,
        "instance_id": 7,
        "q_liq_max_plat": 985.7931887614765
    },
    "satellite_wells": [
        {
            "p_res": 256.0963141908612,
            "q_max": 200000,
            "q_min": 100000,
            "name": "SAT_7_1",
            "wct": 0.17617401838265678,
            "vlp_type": "UEP",
            "IP": 71.87942926662728,
            "gor": 153.67295450468168
        }
    ],
    "manifolds": []
}