{
    "metadata": {
        "scenario_id": 7,
        "p_sep": 10.001,
        "q_inj_max_plat": 139777.34737673597,
        "instance_id": 2,
        "q_liq_max_plat": 1176.562313642421
    },
    "satellite_wells": [
        {
            "p_res": 232.04087519052578,
            "q_max": 200000,
            "q_min": 100000,
            "name": "SAT_2_1",
            "wct": 0.6987320175099793,
            "vlp_type": "UEP",
            "IP": 117.35220014719268,
            "gor": 121.60872936801519
        }
    ],
    "manifolds": [
    ]
}