{
    "metadata": {
        "scenario_id": 2,
        "p_sep": 10.001,
        "q_inj_max_plat": 725519.9566528808,
        "instance_id": 1,
        "q_liq_max_plat": 5579.010125180739
    },
    "satellite_wells": [
        {
            "p_res": 264.88888752548047,
            "q_max": 200000,
            "q_min": 100000,
            "name": "SAT_1_1",
            "wct": 0.6019048161454569,
            "vlp_type": "UEP",
            "IP": 87.49349756058395,
            "gor": 55.4251838878705
        },
        {
            "p_res": 207.5457086522944,
            "q_max": 200000,
            "q_min": 100000,
            "name": "SAT_1_2",
            "wct": 0.24642000585941695,
            "vlp_type": "UEP",
            "IP": 83.76676976426425,
            "gor": 145.30455912899927
        }
    ],
    "manifolds": [
        {
            "choke_enabled": false,
            "wells": [
                {
                    "p_res": 258.4503826216827,
                    "q_max": 200000,
                    "q_min": 100000,
                    "name": "MAN_1_1_1",
                    "wct": 0.7886247638563455,
                    "vlp_type": "Subsea",
                    "IP": 74.04432748607974,
                    "gor": 162.2738016909584
                },
                {
                    "p_res": 242.6684873487136,
                    "q_max": 200000,
                    "q_min": 100000,
                    "name": "MAN_1_1_2",
                    "wct": 0.808362068402331,
                    "vlp_type": "Subsea",
                    "IP": 49.05988547562365,
                    "gor": 129.4060202182141
                },
                {
                    "p_res": 229.3520959853521,
                    "q_max": 200000,
                    "q_min": 100000,
                    "name": "MAN_1_1_3",
                    "wct": 0.5050996892925312,
                    "vlp_type": "Subsea",
                    "IP": 105.45149066839708,
                    "gor": 159.2295172409889
                }
            ]
        }
    ]
}