{
    "metadata": {
        "scenario_id": 2,
        "p_sep": 10.001,
        "q_inj_max_plat": 109968.83070495777,
        "instance_id": 3,
        "q_liq_max_plat": 703.7240030664325
    },
    "satellite_wells": [
        {
            "p_res": 266.1066858604417,
            "q_max": 200000,
            "q_min": 100000,
            "name": "SAT_3_1",
            "wct": 0.6460261298099075,
            "vlp_type": "UEP",
            "IP": 107.7426378926227,
            "gor": 113.0826844452566
        }
    ],
    "manifolds": []
}