{
    "metadata": {
        "scenario_id": 7,
        "p_sep": 10.001,
        "q_inj_max_plat": 127452.55681577834,
        "instance_id": 1,
        "q_liq_max_plat": 862.9883644317974
    },
    "satellite_wells": [
        {
            "p_res": 211.7800479959291,
            "q_max": 200000,
            "q_min": 100000,
            "name": "SAT_1_1",
            "wct": 0.8153963425607906,
            "vlp_type": "UEP",
            "IP": 77.3106440899021,
            "gor": 78.88093149691875
        }
    ],
    "manifolds": [
    ]
}