{
    "metadata": {
        "scenario_id": 2,
        "p_sep": 10.001,
        "q_inj_max_plat": 111705.22766311369,
        "instance_id": 5,
        "q_liq_max_plat": 1013.396955176187
    },
    "satellite_wells": [
        {
            "p_res": 240.5513599505133,
            "q_max": 200000,
            "q_min": 100000,
            "name": "SAT_5_1",
            "wct": 0.5878998925333616,
            "vlp_type": "UEP",
            "IP": 121.42989152138001,
            "gor": 64.3427533469196
        }
    ],
    "manifolds": []
}