{
    "metadata": {
        "scenario_id": 2,
        "p_sep": 10.001,
        "q_inj_max_plat": 113452.9863704574,
        "instance_id": 8,
        "q_liq_max_plat": 1084.1541833909519
    },
    "satellite_wells": [
        {
            "p_res": 201.79752570784208,
            "q_max": 200000,
            "q_min": 100000,
            "name": "SAT_8_1",
            "wct": 0.33512388938723403,
            "vlp_type": "UEP",
            "IP": 147.36836636116965,
            "gor": 128.64283898970498
        }
    ],
    "manifolds": []
}