{
    "metadata": {
        "scenario_id": 8,
        "p_sep": 10.001,
        "q_inj_max_plat": 218985.03352248287,
        "instance_id": 2,
        "q_liq_max_plat": 2115.845939121479
    },
    "satellite_wells": [
        {
            "p_res": 195.50120485134653,
            "q_max": 200000,
            "q_min": 100000,
            "name": "SAT_2_1",
            "wct": 0.5526913410648779,
            "vlp_type": "UEP",
            "IP": 69.28216348484807,
            "gor": 103.34843185014113
        },
        {
            "p_res": 245.56884936887496,
            "q_max": 200000,
            "q_min": 100000,
            "name": "SAT_2_2",
            "wct": 0.39931294773656545,
            "vlp_type": "UEP",
            "IP": 30.333175157640987,
            "gor": 142.97674964893952
        }
    ],
    "manifolds": [
    ]
}