{
    "metadata": {
        "scenario_id": 1,
        "p_sep": 10.001,
        "q_inj_max_plat": 423353.8062958634,
        "instance_id": 5,
        "q_liq_max_plat": 4613.8787776391055
    },
    "satellite_wells": [
        {
            "p_res": 240.47014200924627,
            "q_max": 200000,
            "q_min": 100000,
            "name": "SAT_5_1",
            "wct": 0.8049306921969939,
            "vlp_type": "UEP",
            "IP": 87.58349150627254,
            "gor": 101.9156210635438
        },
        {
            "p_res": 211.24698749005086,
            "q_max": 200000,
            "q_min": 100000,
            "name": "SAT_5_2",
            "wct": 0.12098648813827709,
            "vlp_type": "UEP",
            "IP": 128.31048708012585,
            "gor": 192.24508957940182
        }
    ],
    "manifolds": [
        {
            "choke_enabled": false,
            "wells": [
                {
                    "p_res": 222.43071425008264,
                    "q_max": 200000,
                    "q_min": 100000,
                    "name": "MAN_5_1_1",
                    "wct": 0.8737837796360144,
                    "vlp_type": "Subsea",
                    "IP": 53.253585384018166,
                    "gor": 167.8888549936625
                },
                {
                    "p_res": 260.28981453755466,
                    "q_max": 200000,
                    "q_min": 100000,
                    "name": "MAN_5_1_2",
                    "wct": 0.6355101979674405,
                    "vlp_type": "Subsea",
                    "IP": 72.80578529035925,
                    "gor": 190.9760444870368
                }
            ]
        }
    ]
}