{
    "metadata": {
        "scenario_id": 8,
        "p_sep": 10.001,
        "q_inj_max_plat": 293278.27434839273,
        "instance_id": 6,
        "q_liq_max_plat": 1891.5807452133495
    },
    "satellite_wells": [
        {
            "p_res": 183.32080403982982,
            "q_max": 200000,
            "q_min": 100000,
            "name": "SAT_6_1",
            "wct": 0.4297801040382939,
            "vlp_type": "UEP",
            "IP": 120.64122428228845,
            "gor": 115.95887744690427
        },
        {
            "p_res": 232.6234064301081,
            "q_max": 200000,
            "q_min": 100000,
            "name": "SAT_6_2",
            "wct": 0.6673264622700658,
            "vlp_type": "UEP",
            "IP": 52.401787019454474,
            "gor": 75.70525976643415
        }
    ],
    "manifolds": [
    ]
}