{
    "metadata": {
        "scenario_id": 1,
        "p_sep": 10.001,
        "q_inj_max_plat": 253189.91227335902,
        "instance_id": 3,
        "q_liq_max_plat": 1534.685330680306
    },
    "satellite_wells": [
        {
            "p_res": 261.62454499375974,
            "q_max": 200000,
            "q_min": 100000,
            "name": "SAT_3_1",
            "wct": 0.5014047828427882,
            "vlp_type": "UEP",
            "IP": 44.012283777518064,
            "gor": 56.34149166790982
        },
        {
            "p_res": 240.47014200924627,
            "q_max": 200000,
            "q_min": 100000,
            "name": "SAT_3_2",
            "wct": 0.8049306921969939,
            "vlp_type": "UEP",
            "IP": 87.58349150627254,
            "gor": 101.9156210635438
        }
    ],
    "manifolds": []
}