{
    "metadata": {
        "scenario_id": 8,
        "p_sep": 10.001,
        "q_inj_max_plat": 270606.5191530673,
        "instance_id": 1,
        "q_liq_max_plat": 2253.2418055972257
    },
    "satellite_wells": [
        {
            "p_res": 226.86672643804377,
            "q_max": 200000,
            "q_min": 100000,
            "name": "SAT_1_1",
            "wct": 0.8076616306284841,
            "vlp_type": "UEP",
            "IP": 143.01972217828626,
            "gor": 113.53147819507329
        },
        {
            "p_res": 267.93111570875953,
            "q_max": 200000,
            "q_min": 100000,
            "name": "SAT_1_2",
            "wct": 0.4718788024301098,
            "vlp_type": "UEP",
            "IP": 90.0193461491649,
            "gor": 170.65835556193366
        }
    ],
    "manifolds": [
    ]
}