{
    "metadata": {
        "scenario_id": 1,
        "p_sep": 10.001,
        "q_inj_max_plat": 230039.33712809344,
        "instance_id": 8,
        "q_liq_max_plat": 1679.322237716302
    },
    "satellite_wells": [
        {
            "p_res": 205.2038299514638,
            "q_max": 200000,
            "q_min": 100000,
            "name": "SAT_8_1",
            "wct": 0.6957110015786456,
            "vlp_type": "UEP",
            "IP": 112.28621831536987,
            "gor": 139.77178715427848
        },
        {
            "p_res": 247.17996458377766,
            "q_max": 200000,
            "q_min": 100000,
            "name": "SAT_8_2",
            "wct": 0.8978126347828779,
            "vlp_type": "UEP",
            "IP": 39.91205882024985,
            "gor": 66.51082914583476
        }
    ],
    "manifolds": []
}