{
    "metadata": {
        "scenario_id": 1,
        "p_sep": 10.001,
        "q_inj_max_plat": 235671.48774196603,
        "instance_id": 5,
        "q_liq_max_plat": 2292.109050417274
    },
    "satellite_wells": [
        {
            "p_res": 208.30670395344382,
            "q_max": 200000,
            "q_min": 100000,
            "name": "SAT_5_1",
            "wct": 0.42072795655437956,
            "vlp_type": "UEP",
            "IP": 126.56640863854885,
            "gor": 157.98686589661006
        },
        {
            "p_res": 229.83595651098364,
            "q_max": 200000,
            "q_min": 100000,
            "name": "SAT_5_2",
            "wct": 0.49844917916837284,
            "vlp_type": "UEP",
            "IP": 88.67204203409682,
            "gor": 61.860575911623656
        }
    ],
    "manifolds": []
}