{
    "metadata": {
        "scenario_id": 1,
        "p_sep": 10.001,
        "q_inj_max_plat": 269329.23170086805,
        "instance_id": 7,
        "q_liq_max_plat": 2160.0131804670264
    },
    "satellite_wells": [
        {
            "p_res": 219.19688773007934,
            "q_max": 200000,
            "q_min": 100000,
            "name": "SAT_7_1",
            "wct": 0.2623674932140615,
            "vlp_type": "UEP",
            "IP": 44.01507174532212,
            "gor": 77.36857816541857
        },
        {
            "p_res": 207.96697342644578,
            "q_max": 200000,
            "q_min": 100000,
            "name": "SAT_7_2",
            "wct": 0.8111149681279999,
            "vlp_type": "UEP",
            "IP": 47.7365333906739,
            "gor": 55.998446840199236
        }
    ],
    "manifolds": []
}