{
    "metadata": {
        "scenario_id": 8,
        "p_sep": 10.001,
        "q_inj_max_plat": 202623.31101728464,
        "instance_id": 4,
        "q_liq_max_plat": 2349.9683198671087
    },
    "satellite_wells": [
        {
            "p_res": 251.35481902857822,
            "q_max": 200000,
            "q_min": 100000,
            "name": "SAT_4_1",
            "wct": 0.7554032472008391,
            "vlp_type": "UEP",
            "IP": 146.06756694540218,
            "gor": 98.81425623286538
        },
        {
            "p_res": 264.76028389569876,
            "q_max": 200000,
            "q_min": 100000,
            "name": "SAT_4_2",
            "wct": 0.25502390256012114,
            "vlp_type": "UEP",
            "IP": 110.32652969511608,
            "gor": 118.07511898625341
        }
    ],
    "manifolds": [
    ]
}